Ref,Val,Package,PosX,PosY,Rot,Side
"C111","100nF","C_0402",53.147314,11.042768,-90.000000,bottom
"F3","Fiducial","Fiducial_1mm_Mask2mm",33.340000,25.450000,180.000000,bottom
"F6","Fiducial","Fiducial_1mm_Mask2mm",5.200000,-1.780000,180.000000,bottom
"J9","2305018-2","TE_2305018-2_MountingHole_0.4mm",98.688000,7.410000,-90.000000,bottom
"QR2","Laser_QR_5x5","Laser_QR_5x5",11.360000,22.420000,180.000000,bottom
"C1","4.7uF/10V","C_0402",64.490000,17.230000,0.000000,top
"C2","4.7uF/10V","C_0402",64.690000,10.170000,0.000000,top
"C3","1uF","C_0402",75.340000,-1.310000,0.000000,top
"C4","10uF/10V","GRM188R61A106KE69D",79.030000,0.900000,0.000000,top
"C5","1uF/10V","C_0402",76.866273,11.504498,0.000000,top
"C6","1uF/10V","C_0402",76.870000,12.460000,0.000000,top
"C7","100nF","C_0402",75.300000,9.500000,90.000000,top
"C8","2.2uF/16V","C_0402",76.870000,13.420000,0.000000,top
"C9","100nF/10V","C_0402",76.125000,15.650000,0.000000,top
"C10","100nF/10V","C_0402",76.125000,16.600000,0.000000,top
"C11","1uF/10V","C_0402",64.690000,9.230000,0.000000,top
"C12","8pF","C_0402",74.225000,18.975000,90.000000,top
"C13","8pF","C_0402",72.575000,18.925000,90.000000,top
"C14","1uF/10V","C_0402",71.525000,17.275000,90.000000,top
"C15","4.7uF/10V","C_0402",70.550000,17.275000,90.000000,top
"C16","1uF/10V","C_0402",69.600000,17.275000,90.000000,top
"C17","1uF/10V","C_0402",72.400000,7.200000,-90.000000,top
"C18","4.7uF/10V","C_0402",67.180000,16.660000,90.000000,top
"C19","22uF/10V","GRM188R61A226ME15D",58.070000,4.740000,0.000000,top
"C20","8.2pF","C_0402",47.347314,14.792768,90.000000,top
"C21","1uF","C_0402",47.480000,7.470000,180.000000,top
"C22","1uF/10V","C_0402",68.550000,17.275000,90.000000,top
"C23","100nF","C_0402",5.646876,10.314226,180.000000,top
"C24","8.2pF","C_0402",47.347314,16.692768,-90.000000,top
"C25","100nF","C_0402",56.580000,18.750000,90.000000,top
"C26","12pF","C_0402",47.147314,12.292768,-90.000000,top
"C27","12pF","C_0402",43.347314,12.292768,90.000000,top
"C28","22uF/10V","GRM188R61A226ME15D",58.066718,1.090001,0.000000,top
"C29","100nF","C_0402",90.130000,1.450000,-90.000000,top
"C30","100nF","C_0402",47.500000,9.600000,0.000000,top
"C31","100nF","C_0402",47.490000,8.540000,0.000000,top
"C32","100nF","C_0402",49.490000,5.040000,0.000000,top
"C33","10uF/10V","GRM188R61A106KE69D",60.510000,2.910000,90.000000,top
"C34","6.8pF","C_0402",61.690000,0.500000,-90.000000,top
"C35","100nF","C_0402",65.300000,1.920000,0.000000,top
"C36","2.2uF","C_0402",59.847314,11.392768,180.000000,top
"C37","10uF/10V","GRM188R61A106KE69D",66.010000,3.240000,0.000000,top
"C38","330nF","C_0402",47.500000,10.660000,0.000000,top
"C39","2.2uF","C_0402",59.847314,10.392768,180.000000,top
"C40","100nF","C_0402",49.480000,4.000000,0.000000,top
"C41","1uF/10V","C_0402",64.290000,14.190000,180.000000,top
"C42","100nF","C_0402",92.540000,1.480000,-90.000000,top
"C43","2.2uF/16V","C_0402",64.000000,13.230000,180.000000,top
"C44","1.3pF/50V","C_0402",77.658000,14.840000,90.000000,top
"C45","100nF","C_0402",79.730000,-2.360000,0.000000,top
"C46","4.7uF/10V","C_0402",65.651512,13.229807,180.000000,top
"C47","0.6pF/50V","C_0402",81.670000,13.940000,-90.000000,top
"C48","1uF/10V","C_0402",74.200000,9.500000,-90.000000,top
"C49","1uF/25V","C_0603_1608Metric",9.238255,16.126149,90.000000,top
"C50","10uF/10V","C_0603_1608Metric",9.260000,13.090000,-90.000000,top
"C51","4.7uF/10V","C_0402",84.900000,9.000000,90.000000,top
"C52","4.7uF/10V","C_0402",84.900000,10.750000,-90.000000,top
"C53","1pF","C_0402",80.620000,13.940000,-90.000000,top
"C56","1uF/10V","C_0402",66.390000,10.180000,180.000000,top
"C57","1.3pF/50V","C_0402",82.970000,14.370000,0.000000,top
"C58","1pF","C_0402",81.358000,16.040000,90.000000,top
"C60","100nF","C_0402",61.490000,13.620000,90.000000,top
"C64","100nF","C_0402",61.130618,6.051146,0.000000,top
"C67","100nF","C_0402",8.910000,10.090000,90.000000,top
"C68","4.7uF/10V","C_0402",84.890000,4.800000,90.000000,top
"C69","4.7uF/10V","C_0402",84.868699,6.492101,-90.000000,top
"C75","10uF","C_0603_1608Metric",74.393364,3.379213,0.000000,top
"C76","100nF","C_0402",71.768364,4.479213,180.000000,top
"C78","1uF","C_0402",73.693364,4.679213,0.000000,top
"C80","1uF","C_0402",72.498364,1.279213,-90.000000,top
"C81","100nF","C_0402",56.580000,17.090000,90.000000,top
"C85","100nF","C_0402",64.490000,18.190000,0.000000,top
"C95","0.3pF","C_0402",82.358000,16.040000,90.000000,top
"C98","100nF","C_0402",65.960000,14.190000,180.000000,top
"C99","680pF/6.3V","C_0402",80.270000,4.230000,-90.000000,top
"C100","680pF/6.3V","C_0402",80.270000,5.990000,-90.000000,top
"C101","100nF","C_0402",51.090000,4.560000,90.000000,top
"C102","100nF","C_0402",73.980000,-1.940000,90.000000,top
"C103","100nF","C_0402",59.847314,9.392768,0.000000,top
"C104","680pF/6.3V","C_0402",80.490000,8.600000,-90.000000,top
"C105","680pF/6.3V","C_0402",80.250000,11.220000,90.000000,top
"C106","1uF/10V","C_0402",73.200000,9.500000,-90.000000,top
"D4","ESD_ST_ESDZV5H_1BU2","ESDZV5H-1BU2",10.460000,16.631500,0.000000,top
"D5","ESD_ST_ESDZV5H_1BU2","ESDZV5H-1BU2",3.901414,14.782118,180.000000,top
"D16","ESD_ST_ESDZV5H_1BU2","ESDZV5H-1BU2",96.840000,7.770000,0.000000,top
"D20","ESD_ST_ESDZV5H_1BU2","ESDZV5H-1BU2",92.700000,8.668500,0.000000,top
"D21","ESD_ST_ESDZV5H_1BU2","ESDZV5H-1BU2",97.850000,4.700000,0.000000,top
"D22","ESD_ST_ESDZV5H_1BU2","ESDZV5H-1BU2",93.220000,3.568500,0.000000,top
"D23","ESD_ST_ESDZV5H_1BU2","ESDZV5H-1BU2",93.548000,10.500000,180.000000,top
"D24","ESD_ST_ESDZV5H_1BU2","ESDZV5H-1BU2",93.558000,9.568500,0.000000,top
"D25","ESD_ST_ESDZV5H_1BU2","ESDZV5H-1BU2",93.450000,5.620000,0.000000,top
"D26","ESD_ST_ESDZV5H_1BU2","ESDZV5H-1BU2",94.145531,4.473387,0.000000,top
"D27","155124M173200","155124M173200",53.400000,1.220000,0.000000,top
"F1","Fiducial","Fiducial_1mm_Mask2mm",94.820000,-1.620000,0.000000,top
"F4","Fiducial","Fiducial_1mm_Mask2mm",5.200000,-1.780000,0.000000,top
"FL2","HS5524EB06","QPQ1907",84.840000,14.355500,0.000000,top
"J1","TEST_1P_2p75_0p75","Test_Point_0.75mmby2.75mm_SMD_Tiny",67.930000,-1.550000,90.000000,top
"J5","TEST_1P_2p75_0p75","Test_Point_0.75mmby2.75mm_SMD_Tiny",66.260000,26.100000,90.000000,top
"J6","TEST_1P_2p75_0p75","Test_Point_0.75mmby2.75mm_SMD_Tiny",81.280000,-1.730000,-90.000000,top
"J7","TEST_1P_2p75_0p75","Test_Point_0.75mmby2.75mm_SMD_Tiny",69.640000,-1.600000,90.000000,top
"J8","BM02B-ACHSS-GAN-ETFLFSN","BM02B-ACHSS-GAN-ETFLFSN",84.990000,-1.260000,0.000000,top
"J12","BM03B-ACHSS-GAN-ETF","BM03B-ACHSS-GAN-ETF",0.768087,12.963484,0.000000,top
"J16","TEST_1P_2p75_0p75","Test_Point_0.75mmby2.75mm_SMD_Tiny",67.680000,26.100000,90.000000,top
"J19","TEST_1P_2p75_0p75","Test_Point_0.75mmby2.75mm_SMD_Tiny",70.520000,26.100000,90.000000,top
"J20","TEST_1P_2p75_0p75","Test_Point_0.75mmby2.75mm_SMD_Tiny",71.940000,26.100000,90.000000,top
"J21","TEST_1P_2p75_0p75","Test_Point_0.75mmby2.75mm_SMD_Tiny",73.360000,26.100000,90.000000,top
"J22","TEST_1P_2p75_0p75","Test_Point_0.75mmby2.75mm_SMD_Tiny",71.000000,-1.560000,90.000000,top
"J23","KH-IPEX4-2020","KH-IPEX4-2020",81.575000,18.750000,90.000000,top
"J24","TEST_1P_2p75_0p75","Castellated_pads_3mm",11.350000,19.290000,0.000000,top
"J25","TEST_1P_2p75_0p75","Castellated_pads_3mm",11.350000,6.591024,0.000000,top
"J26","TEST_1P_2p75_0p75","Castellated_pads_3mm",41.140000,25.180000,0.000000,top
"J27","TEST_1P_2p75_0p75","Castellated_pads_3mm",42.010000,-0.410000,0.000000,top
"J28","TEST_1P_2p75_0p75","Castellated_pads_3mm",48.350000,20.630000,0.000000,top
"J29","TEST_1P_2p75_0p75","Castellated_pads_3mm",59.370000,20.630000,0.000000,top
"J30","TEST_1P_2p75_0p75","Test_Point_0.75mmby2.75mm_SMD_Tiny",90.780000,-1.580000,90.000000,top
"J31","TEST_1P_2p75_0p75","Test_Point_0.75mmby2.75mm_SMD_Tiny",92.530000,-1.580000,90.000000,top
"J301","TEST_1P_2p75_0p75","Test_Point_0.75mmby2.75mm_SMD_Tiny",69.100000,26.100000,90.000000,top
"L1","2.2uH/0.75A/1MHz","CKP2012N2R2M-T",82.600000,8.870000,0.000000,top
"L2","Ferrite_Bead","BKP1005HS100-T",57.666468,2.398278,180.000000,top
"L3","Ferrite_Bead","BKP1005HS100-T",57.670000,3.410000,180.000000,top
"L4","2.2uH/0.5A/1MHz","CKP2012N2R2M-T",62.880000,2.400000,180.000000,top
"L5","BLM15AG601SN1D","BEADC1005X55N",78.775000,12.850000,180.000000,top
"L6","2.2uH/0.75A/1MHz","CKP2012N2R2M-T",65.070000,11.680000,180.000000,top
"L7","2.2uH/0.75A/1MHz","CKP2012N2R2M-T",82.620000,10.970000,0.000000,top
"L10","2.2uH/0.75A/1MHz","CKP2012N2R2M-T",82.570000,4.650000,0.000000,top
"L11","2.2uH/0.75A/1MHz","CKP2012N2R2M-T",82.570000,6.770000,0.000000,top
"L12","2.7nH","L_0402_0201",79.125000,14.380000,0.000000,top
"L17","5.6nH","L_0402_0201",83.358000,16.040000,-90.000000,top
"L18","5.6nH","L_0402_0201",85.358000,16.440000,-90.000000,top
"L23","2.2uH/0.75A/1MHz","CKP2012N2R2M-T",65.090000,15.730000,180.000000,top
"R1","0","R_0402",86.640000,13.660000,0.000000,top
"R2","1M","R_0402",75.300000,-2.270000,0.000000,top
"R3","330","R_0402",52.990000,2.760000,0.000000,top
"R4","1M","R_0402",79.710000,-0.410000,0.000000,top
"R5","22K","R_0402",79.720000,-1.410000,0.000000,top
"R6","22K","R_0402",89.054148,1.478800,-90.000000,top
"R7","22K","R_0402",91.470000,1.470000,-90.000000,top
"R8","22k","R_0402",59.847314,12.392768,0.000000,top
"R9","215K","R_0402",60.730000,0.510000,-90.000000,top
"R10","100K","R_0402",61.320000,-0.860000,180.000000,top
"R11","0","R_0402",82.980000,13.420000,0.000000,top
"R12","0","R_0402",70.893364,1.679213,180.000000,top
"R15","100k","R_0402",59.480000,6.044920,180.000000,top
"R16","510k","R_0402",60.440000,7.010000,0.000000,top
"R17","330","R_0402",50.750000,2.570000,90.000000,top
"R21","0","R_0402",90.058000,5.740000,0.000000,top
"R23","0","R_0402",90.058000,7.740000,0.000000,top
"R25","0","R_0402",84.358000,16.440000,90.000000,top
"R26","22K","R_0402",61.500000,15.220000,-90.000000,top
"R28","0","R_0402",90.058000,6.740000,0.000000,top
"R29","0","R_0402",81.310000,0.940000,-90.000000,top
"R31","100k","R_0402",7.855080,8.010000,-90.000000,top
"R33","510k","R_0402",7.850000,10.070000,90.000000,top
"R34","0","R_0402",89.705080,4.350000,-90.000000,top
"R37","500","R_0402",54.660000,2.790000,0.000000,top
"R38","0","R_0402",86.650000,14.640000,180.000000,top
"R40","215K","R_0402",70.293364,3.179213,90.000000,top
"R41","1.8K","R_0402",73.800000,7.400000,180.000000,top
"R49","680","R_0402",7.680000,18.530000,180.000000,top
"R51","2K","R_0402",5.490000,18.550000,0.000000,top
"R52","249K","R_0402",6.030000,12.300000,90.000000,top
"R78","2.2K","R_0402",50.100000,18.000000,90.000000,top
"R79","2.2K","R_0402",51.160000,17.950000,90.000000,top
"Rs1","10m/0.0625W","R_0402",1.570000,8.630000,-90.000000,top
"Rs2","10m/0.0625W","R_0402",2.650000,8.640000,-90.000000,top
"U1","74AUP1G14DRY","PSON50P145X100X60-6N",75.520000,-0.015000,90.000000,top
"U2","74LVC1G17","PSON50P145X100X60-6N",77.330000,-1.770000,180.000000,top
"U3","BQ24040DSQR","SON40P200X200X80-11N",6.837774,16.025131,-90.000000,top
"U5","INA199A1DCKR","SOT65P210X110-6N",5.090469,8.471795,180.000000,top
"U6","RTL8763EAU_QFN50","QFN-50-1EP_4x6mm_P0.35mm_EP2.7x4.7mm_ESL",71.130000,13.120000,180.000000,top
"U8","TLV62568DRLR","SOT50P160X60-6N",63.715000,0.280000,180.000000,top
"U13","TLV74330PDQNR","SUP_TPS3831L30DQNR",71.728364,3.139213,-90.000000,top
"U19","LSM6DSLTR","LSM6DSLTR",53.620000,17.900000,90.000000,top
"U344","STM32H7A3VGH6","BGA100C80P10X10_800X800X110",53.547314,10.692768,0.000000,top
"W1","TEST_1P","Test_Point_0.8mmDia_SMD_Tiny",96.885000,0.778000,0.000000,top
"W5","TEST_1P","Test_Point_0.8mmDia_SMD_Tiny",67.060000,22.650000,0.000000,top
"W6","TEST_1P","Test_Point_0.8mmDia_SMD_Tiny",43.281638,9.660000,90.000000,top
"W7","TEST_1P","Test_Point_0.8mmDia_SMD_Tiny",75.758000,21.340000,0.000000,top
"W8","TEST_1P","Test_Point_0.8mmDia_SMD_Tiny",74.093364,1.679213,0.000000,top
"W11","T1P","Test_Point_1.3mmDia_SMD_Tiny",43.370000,17.690000,180.000000,top
"W14","T1P","Test_Point_0.8mmDia_SMD_Tiny",52.920000,4.050000,180.000000,top
"W15","T1P","Test_Point_0.8mmDia_SMD_Tiny",57.420000,-2.340000,90.000000,top
"W31","TEST_1P","Test_Point_0.8mmDia_SMD_Tiny",89.280000,-1.640000,180.000000,top
"W38","TEST_1P","Test_Point_0.8mmDia_SMD_Tiny",0.254000,17.272000,0.000000,top
"W63","T1P","Test_Point_0.8mmDia_SMD_Tiny",62.650000,16.580000,180.000000,top
"X1","26MHz","XTALDFN200X160X70-4N",45.272314,12.392768,180.000000,top
"X3","40MHz","XTALDFN200X160X70-4N",73.400000,16.975000,180.000000,top
"Y2","32.768kHz","FC-135",45.547314,15.792768,-90.000000,top
