Reference,X (mm),Y (mm),Rotation (°),Side,Type,Footprint,Pad Count,DNP
F5,50.882,26.890,180.0,Front,SMD,Fiducial_1mm_Mask2mm,1,No
X3,90.942,35.365,180.0,Front,SMD,XTALDFN200X160X70-4N,4,No
C57,100.512,37.970,0.0,Front,SMD,C_0402,2,No
D16,114.382,44.570,0.0,Front,SMD,ESDZV5H-1BU2,2,No
C13,90.117,33.415,90.0,Front,SMD,C_0402,2,Yes
C43,81.542,39.110,180.0,Front,SMD,C_0402,2,No
Rs1,19.112,43.710,-90.0,Front,SMD,R_0402,2,No
R25,101.900,35.900,90.0,Front,SMD,R_0402,2,Yes
J27,59.552,52.750,0.0,Front,NPTH,Castellated_pads_3mm,1,Yes
U3,24.380,36.315,-90.0,Front,SMD,SON40P200X200X80-11N,11,No
U344,71.089,41.647,0.0,Front,SMD,BGA100C80P10X10_800X800X110,100,No
C48,91.742,42.840,-90.0,Front,SMD,C_0402,2,No
L7,100.162,41.370,0.0,Front,SMD,CKP2012N2R2M-T,2,No
U19,71.162,34.440,90.0,Front,SMD,LSM6DSLTR,14,No
R15,77.022,46.295,180.0,Front,SMD,R_0402,2,No
C23,23.189,42.026,180.0,Front,SMD,C_0402,2,No
J1,85.472,53.890,90.0,Front,SMD,Test_Point_0.75mmby2.75mm_SMD_Tiny,1,Yes
C81,74.122,35.250,90.0,Front,SMD,C_0402,2,No
D24,111.100,42.771,0.0,Front,SMD,ESDZV5H-1BU2,2,No
R10,78.862,53.200,180.0,Front,SMD,R_0402,2,No
C24,64.889,35.647,-90.0,Front,SMD,C_0402,2,Yes
C19,75.612,47.600,0.0,Front,SMD,GRM188R61A226ME15D,2,No
T6,107.962,56.270,90.0,Back,SMD,Tab,0,Yes
C25,74.122,33.590,90.0,Front,SMD,C_0402,2,No
C22,86.092,35.065,90.0,Front,SMD,C_0402,2,No
W59,81.762,43.870,0.0,Front,SMD,TestPoint_Square_0.5_SMD_Tiny,1,Yes
C76,89.310,47.861,180.0,Front,SMD,C_0402,2,No
C102,91.522,54.280,90.0,Front,SMD,C_0402,2,No
C47,99.212,38.400,-90.0,Front,SMD,C_0402,2,No
R38,104.192,37.700,180.0,Front,SMD,R_0402,2,No
L4,80.422,49.940,180.0,Front,SMD,CKP2012N2R2M-T,2,No
C16,87.142,35.065,90.0,Front,SMD,C_0402,2,No
U6,88.672,39.220,180.0,Front,SMD,QFN-50-1EP_4x6mm_P0.35mm_EP2.7x4.7mm_ESL,59,No
D22,110.762,48.771,0.0,Front,SMD,ESDZV5H-1BU2,2,No
R11,100.522,38.920,0.0,Front,SMD,R_0402,2,No
C38,65.042,41.680,0.0,Front,SMD,C_0402,2,No
R9,78.272,51.830,-90.0,Front,SMD,R_0402,2,No
C32,67.032,47.300,0.0,Front,SMD,C_0402,2,No
L10,100.112,47.690,0.0,Front,SMD,CKP2012N2R2M-T,2,No
W52,78.592,40.590,0.0,Front,SMD,TestPoint_Square_0.5_SMD_Tiny,1,Yes
W9,32.177,37.456,0.0,Front,SMD,TestPoint_Square_0.5_SMD_Tiny,1,Yes
W6,60.824,42.680,90.0,Front,SMD,Test_Point_0.8mmDia_SMD_Tiny,1,Yes
W11,60.912,34.650,180.0,Front,SMD,Test_Point_1.3mmDia_SMD_Tiny,1,Yes
J31,110.072,53.920,90.0,Front,SMD,Test_Point_0.75mmby2.75mm_SMD_Tiny,1,Yes
W29,68.742,35.560,180.0,Front,SMD,TestPoint_Square_0.5_SMD_Tiny,1,Yes
U2,94.872,54.110,180.0,Front,SMD,PSON50P145X100X60-6N,6,No
T9,15.707,33.683,0.0,Back,SMD,Tab,0,Yes
T8,129.722,34.090,90.0,Back,SMD,Tab,0,Yes
T1,25.852,56.480,90.0,Back,SMD,Tab,0,Yes
C105,97.792,41.120,90.0,Front,SMD,C_0402,2,No
J8,102.532,53.600,0.0,Front,SMD,BM02B-ACHSS-GAN-ETFLFSN,4,No
R8,77.389,39.947,0.0,Front,SMD,R_0402,2,No
C44,95.200,37.500,90.0,Front,SMD,C_0402,2,No
W60,93.202,34.840,0.0,Front,SMD,TestPoint_Square_0.5_SMD_Tiny,1,Yes
D4,28.002,35.709,0.0,Front,SMD,ESDZV5H-1BU2,2,No
L11,100.112,45.570,0.0,Front,SMD,CKP2012N2R2M-T,2,No
U1,93.062,52.355,90.0,Front,SMD,PSON50P145X100X60-6N,6,No
D27,70.942,51.120,0.0,Front,SMD,155124M173200,4,No
R79,68.702,34.390,90.0,Front,SMD,R_0402,2,No
C20,64.889,37.547,90.0,Front,SMD,C_0402,2,Yes
C11,82.232,43.110,0.0,Front,SMD,C_0402,2,No
C31,65.032,43.800,0.0,Front,SMD,C_0402,2,No
W33,79.092,43.710,0.0,Front,SMD,TestPoint_Square_0.5_SMD_Tiny,1,Yes
J19,88.062,26.240,90.0,Front,SMD,Test_Point_0.75mmby2.75mm_SMD_Tiny,1,Yes
C42,110.082,50.860,-90.0,Front,SMD,C_0402,2,Yes
C5,94.408,40.836,0.0,Front,SMD,C_0402,2,No
J25,28.892,45.749,0.0,Front,NPTH,Castellated_pads_3mm,1,Yes
C8,94.412,38.920,0.0,Front,SMD,C_0402,2,No
W7,93.300,31.000,0.0,Front,SMD,Test_Point_0.8mmDia_SMD_Tiny,1,Yes
FL2,102.382,37.984,0.0,Front,SMD,QPQ1907,5,No
R4,97.252,52.750,0.0,Front,SMD,R_0402,2,No
C36,77.389,40.947,180.0,Front,SMD,C_0402,2,No
C4,96.572,51.440,0.0,Front,SMD,GRM188R61A106KE69D,2,No
W65,86.117,36.190,0.0,Front,SMD,TestPoint_Square_0.5_SMD_Tiny,1,Yes
C52,102.442,41.590,-90.0,Front,SMD,C_0402,2,No
W15,74.962,54.680,90.0,Front,SMD,Test_Point_0.8mmDia_SMD_Tiny,1,Yes
U23,107.214,38.573,-50.0,Front,Mixed,TI_IIFA_2p4GHz_tuned_Magnarox,2,No
C29,107.672,50.890,-90.0,Front,SMD,C_0402,2,Yes
R26,79.042,37.120,-90.0,Front,SMD,R_0402,2,Yes
R23,107.600,44.600,0.0,Front,SMD,R_0402,2,No
C80,90.040,51.061,-90.0,Front,SMD,C_0402,2,No
L2,75.208,49.942,180.0,Front,SMD,BKP1005HS100-T,2,No
W45,78.702,42.200,0.0,Front,SMD,TestPoint_Square_0.5_SMD_Tiny,1,Yes
W48,80.072,37.550,0.0,Front,SMD,TestPoint_Square_0.5_SMD_Tiny,1,Yes
R40,87.835,49.161,90.0,Front,SMD,R_0402,2,No
R2,92.842,54.610,0.0,Front,SMD,R_0402,2,No
D21,115.392,47.640,0.0,Front,SMD,ESDZV5H-1BU2,2,No
W35,85.822,42.610,0.0,Front,SMD,TestPoint_Square_0.5_SMD_Tiny,1,Yes
W50,94.092,51.150,0.0,Front,SMD,TestPoint_Square_0.5_SMD_Tiny,1,Yes
C9,93.667,36.690,0.0,Front,SMD,C_0402,2,No
U13,89.270,49.201,-90.0,Front,SMD,SUP_TPS3831L30DQNR,5,No
X1,62.814,39.947,180.0,Front,SMD,XTALDFN200X160X70-4N,4,No
L5,96.317,39.490,180.0,Front,SMD,BEADC1005X55N,2,No
C101,68.632,47.780,90.0,Front,SMD,C_0402,2,No
W20,22.792,35.380,0.0,Front,SMD,TestPoint_Square_0.5_SMD_Tiny,1,Yes
D23,111.090,41.840,180.0,Front,SMD,ESDZV5H-1BU2,2,No
C98,83.502,38.150,180.0,Front,SMD,C_0402,2,No
C3,92.882,53.650,0.0,Front,SMD,C_0402,2,No
C41,81.832,38.150,180.0,Front,SMD,C_0402,2,No
C58,98.900,36.300,90.0,Front,SMD,C_0402,2,Yes
D25,110.992,46.720,0.0,Front,SMD,ESDZV5H-1BU2,2,No
W55,87.442,45.040,0.0,Front,SMD,TestPoint_Square_0.5_SMD_Tiny,1,Yes
T4,107.962,23.530,-90.0,Back,SMD,Tab,0,Yes
L18,102.900,35.900,-90.0,Front,SMD,L_0402_0201,2,Yes
W12,24.742,33.040,0.0,Front,SMD,TestPoint_Square_0.5_SMD_Tiny,1,Yes
Y2,63.089,36.547,-90.0,Front,SMD,FC-135,2,Yes
C100,97.812,46.350,-90.0,Front,SMD,C_0402,2,No
R5,97.262,53.750,0.0,Front,SMD,R_0402,2,No
C45,97.272,54.700,0.0,Front,SMD,C_0402,2,No
C75,91.935,48.961,0.0,Front,SMD,C_0603_1608Metric,2,No
C104,98.032,43.740,-90.0,Front,SMD,C_0402,2,No
C39,77.389,41.947,180.0,Front,SMD,C_0402,2,No
J12,18.310,39.377,0.0,Front,SMD,BM03B-ACHSS-GAN-ETF,5,No
C35,82.842,50.420,0.0,Front,SMD,C_0402,2,No
C7,92.842,42.840,90.0,Front,SMD,C_0402,2,No
R7,109.012,50.870,-90.0,Front,SMD,R_0402,2,Yes
C2,82.232,42.170,0.0,Front,SMD,C_0402,2,No
W5,84.602,29.690,0.0,Front,SMD,Test_Point_0.8mmDia_SMD_Tiny,1,Yes
R29,98.852,51.400,-90.0,Front,SMD,R_0402,2,Yes
C95,99.900,36.300,90.0,Front,SMD,C_0402,2,Yes
R31,25.397,44.330,-90.0,Front,SMD,R_0402,2,No
T11,15.842,50.570,0.0,Back,SMD,Tab,0,Yes
W14,70.462,48.290,180.0,Front,SMD,Test_Point_0.8mmDia_SMD_Tiny,1,Yes
R6,106.596,50.861,-90.0,Front,SMD,R_0402,2,Yes
C10,93.667,35.740,0.0,Front,SMD,C_0402,2,No
T3,55.192,23.610,-90.0,Back,SMD,Tab,0,Yes
W31,106.822,53.980,180.0,Front,SMD,Test_Point_0.8mmDia_SMD_Tiny,1,Yes
R1,104.182,38.680,0.0,Front,SMD,R_0402,2,Yes
W1,114.427,51.562,0.0,Front,SMD,Test_Point_0.8mmDia_SMD_Tiny,1,Yes
J29,76.912,31.710,0.0,Front,NPTH,Castellated_pads_3mm,1,Yes
C30,65.042,42.740,0.0,Front,SMD,C_0402,2,No
T2,55.192,56.243,90.0,Back,SMD,Tab,0,Yes
J23,99.117,33.590,90.0,Front,SMD,KH-IPEX4-2020,4,No
C50,26.802,39.250,-90.0,Front,SMD,C_0603_1608Metric,2,No
C17,89.942,45.140,-90.0,Front,SMD,C_0402,2,No
W28,78.152,43.800,0.0,Front,SMD,TestPoint_Square_0.5_SMD_Tiny,1,Yes
W47,85.842,45.240,180.0,Front,SMD,TestPoint_Square_0.5_SMD_Tiny,1,Yes
C68,102.432,47.540,90.0,Front,SMD,C_0402,2,No
C46,83.194,39.110,180.0,Front,SMD,C_0402,2,No
W8,91.635,50.661,0.0,Front,SMD,Test_Point_0.8mmDia_SMD_Tiny,1,Yes
C28,75.609,51.250,0.0,Front,SMD,GRM188R61A226ME15D,2,No
C53,98.162,38.400,-90.0,Front,SMD,C_0402,2,Yes
J26,58.682,27.160,0.0,Front,NPTH,Castellated_pads_3mm,1,Yes
W58,89.875,43.527,0.0,Front,SMD,TestPoint_Square_0.5_SMD_Tiny,1,Yes
T12,87.592,23.700,-90.0,Back,SMD,Tab,0,Yes
C12,91.767,33.365,90.0,Front,SMD,C_0402,2,Yes
J7,87.182,53.940,90.0,Front,SMD,Test_Point_0.75mmby2.75mm_SMD_Tiny,1,Yes
W51,89.137,43.282,0.0,Front,SMD,TestPoint_Square_0.5_SMD_Tiny,1,Yes
C34,79.232,51.840,-90.0,Front,SMD,C_0402,2,No
C78,91.235,47.661,0.0,Front,SMD,C_0402,2,No
R16,77.982,45.330,0.0,Front,SMD,R_0402,2,No
D26,111.688,47.867,0.0,Front,SMD,ESDZV5H-1BU2,2,No
R78,67.642,34.340,90.0,Front,SMD,R_0402,2,No
T10,25.852,23.640,-90.0,Back,SMD,Tab,0,Yes
W63,80.192,35.760,180.0,Front,SMD,Test_Point_0.8mmDia_SMD_Tiny,1,Yes
R51,23.032,33.790,0.0,Front,SMD,R_0402,2,No
D20,110.242,43.671,0.0,Front,SMD,ESDZV5H-1BU2,2,No
J24,28.892,33.050,0.0,Front,NPTH,Castellated_pads_3mm,1,Yes
W19,76.597,45.313,0.0,Front,SMD,TestPoint_Square_0.5_SMD_Tiny,1,Yes
J28,65.892,31.710,0.0,Front,NPTH,Castellated_pads_3mm,1,Yes
L1,100.142,43.470,0.0,Front,SMD,CKP2012N2R2M-T,2,No
C69,102.411,45.848,-90.0,Front,SMD,C_0402,2,No
C49,26.780,36.214,90.0,Front,SMD,C_0603_1608Metric,2,No
W46,85.089,43.321,0.0,Front,SMD,TestPoint_Square_0.5_SMD_Tiny,1,Yes
J21,90.902,26.240,90.0,Front,SMD,Test_Point_0.75mmby2.75mm_SMD_Tiny,1,Yes
C26,64.689,40.047,-90.0,Front,SMD,C_0402,2,No
R12,88.435,50.661,180.0,Front,SMD,R_0402,2,Yes
C37,83.552,49.100,0.0,Front,SMD,GRM188R61A106KE69D,2,No
J20,89.482,26.240,90.0,Front,SMD,Test_Point_0.75mmby2.75mm_SMD_Tiny,1,Yes
R34,107.247,47.990,-90.0,Front,SMD,R_0402,2,No
U8,81.257,52.060,180.0,Front,SMD,SOT50P160X60-6N,6,No
C15,88.092,35.065,90.0,Front,SMD,C_0402,2,No
J16,85.222,26.240,90.0,Front,SMD,Test_Point_0.75mmby2.75mm_SMD_Tiny,1,Yes
D5,21.443,37.558,180.0,Front,SMD,ESDZV5H-1BU2,2,No
F4,22.742,54.120,0.0,Front,SMD,Fiducial_1mm_Mask2mm,1,No
C103,77.389,42.947,0.0,Front,SMD,C_0402,2,No
W61,94.862,41.730,0.0,Front,SMD,TestPoint_Square_0.5_SMD_Tiny,1,Yes
W22,66.759,34.840,0.0,Front,SMD,TestPoint_Square_0.5_SMD_Tiny,1,Yes
J301,86.642,26.240,90.0,Front,SMD,Test_Point_0.75mmby2.75mm_SMD_Tiny,1,Yes
J5,83.802,26.240,90.0,Front,SMD,Test_Point_0.75mmby2.75mm_SMD_Tiny,1,Yes
R37,72.202,49.550,0.0,Front,SMD,R_0402,2,No
C21,65.022,44.870,180.0,Front,SMD,C_0402,2,No
U5,22.632,43.868,180.0,Front,SMD,SOT65P210X110-6N,6,No
R28,107.600,45.600,0.0,Front,SMD,R_0402,2,No
C6,94.412,39.880,0.0,Front,SMD,C_0402,2,No
C67,26.452,42.250,90.0,Front,SMD,C_0402,2,No
F1,112.362,53.960,0.0,Front,SMD,Fiducial_1mm_Mask2mm,1,No
C33,78.052,49.430,90.0,Front,SMD,GRM188R61A106KE69D,2,No
J30,108.322,53.920,90.0,Front,SMD,Test_Point_0.75mmby2.75mm_SMD_Tiny,1,Yes
H6,62.610,53.540,0.0,Front,Mixed,MountingHole_Circle_2.2mm,1,Yes
L3,75.212,48.930,180.0,Front,SMD,BKP1005HS100-T,2,No
W18,73.352,36.310,-90.0,Front,SMD,TestPoint_Square_0.5_SMD_Tiny,1,Yes
J6,98.822,54.070,-90.0,Front,SMD,Test_Point_0.75mmby2.75mm_SMD_Tiny,1,Yes
C99,97.812,48.110,-90.0,Front,SMD,C_0402,2,No
T5,133.381,30.453,180.0,Back,SMD,Tab,0,Yes
R49,25.222,33.810,180.0,Front,SMD,R_0402,2,No
L17,100.900,36.300,-90.0,Front,SMD,L_0402_0201,2,Yes
C18,84.722,35.680,90.0,Front,SMD,C_0402,2,No
R41,91.342,44.940,180.0,Front,SMD,R_0402,2,No
C27,60.889,40.047,90.0,Front,SMD,C_0402,2,No
W57,99.702,50.930,0.0,Front,SMD,TestPoint_Square_0.5_SMD_Tiny,1,Yes
C85,82.032,34.150,0.0,Front,SMD,C_0402,2,No
H7,93.269,26.267,0.0,Front,Mixed,MountingHole_Circle_2.2mm,1,Yes
W34,83.942,43.840,0.0,Front,SMD,TestPoint_Square_0.5_SMD_Tiny,1,Yes
C51,102.442,43.340,90.0,Front,SMD,C_0402,2,No
C1,82.032,35.110,0.0,Front,SMD,C_0402,2,No
R52,23.572,40.040,90.0,Front,SMD,R_0402,2,Yes
C14,89.067,35.065,90.0,Front,SMD,C_0402,2,No
R33,25.392,42.270,90.0,Front,SMD,R_0402,2,No
J22,88.542,53.900,90.0,Front,SMD,Test_Point_0.75mmby2.75mm_SMD_Tiny,1,Yes
L23,82.632,36.610,180.0,Front,SMD,CKP2012N2R2M-T,2,No
R21,107.600,46.600,0.0,Front,SMD,R_0402,2,No
R17,68.292,49.770,90.0,Front,SMD,R_0402,2,No
C106,90.742,42.840,-90.0,Front,SMD,C_0402,2,No
L6,82.612,40.660,180.0,Front,SMD,CKP2012N2R2M-T,2,No
C64,78.673,46.289,0.0,Front,SMD,C_0402,2,No
Rs2,20.192,43.700,-90.0,Front,SMD,R_0402,2,Yes
C60,79.032,38.720,90.0,Front,SMD,C_0402,2,No
R3,70.532,49.580,0.0,Front,SMD,R_0402,2,No
T7,87.592,56.320,90.0,Back,SMD,Tab,0,Yes
L12,96.667,37.960,0.0,Front,SMD,L_0402_0201,2,No
W38,17.796,35.068,0.0,Front,SMD,Test_Point_0.8mmDia_SMD_Tiny,1,Yes
C56,83.932,42.160,180.0,Front,SMD,C_0402,2,No
C40,67.022,48.340,0.0,Front,SMD,C_0402,2,No
F2,112.362,53.960,180.0,Back,SMD,Fiducial_1mm_Mask2mm,1,No
J9,116.230,44.930,-90.0,Front,Mixed,TE_2305018-2_MountingHole_0.4mm,30,No
F6,22.742,54.120,180.0,Back,SMD,Fiducial_1mm_Mask2mm,1,No
C111,70.689,41.297,-90.0,Back,SMD,C_0402,2,Yes
F3,50.882,26.890,180.0,Back,SMD,Fiducial_1mm_Mask2mm,1,No
G***,40.472,25.790,180.0,Back,SMD,Powered_by_BA_logo,0,No
QR2,28.902,29.920,180.0,Back,SMD,Laser_QR_5x5,0,Yes

Component Count,Total Pads
231,611
